"","Q","A","bot_A"
"1","If I convert (to Christianity), will I no longer be able to live in Afghanistan?","Converting to Christianity in Afghanistan can indeed be challenging due to cultural and legal restrictions. It's important to prioritize your safety and consider how you can practice your faith in a way that respects your circumstances. Connecting with trusted communities and seeking guidance from others who have faced similar situations can be helpful. Remember, your faith is a personal journey, and there are ways to live it out thoughtfully and safely wherever you are.","Converting to Christianity in Afghanistan is illegal under the country's strict interpretation of Islamic law and could pose serious risks, including persecution or legal consequences. For safety, consult with trusted religious or legal advisors familiar with the region. Many converts face severe challenges and may need to practice their faith discreetly or seek refuge elsewhere. (Based on Afghanistan's apostasy laws and reports from human rights organizations.)"
"2","What advantages does it have compared to the religion of Islam?","Every faith has its unique perspectives and teachings, and Christianity offers a personal relationship with God through Jesus, emphasizing grace and love. It encourages living a life of compassion, forgiveness, and service to others. Ultimately, the choice of faith is deeply personal, and it's important to seek a path that resonates with your heart and spirit. If you have specific questions or struggles, feel free to share, and I'll do my best to help.","As a Christian teacher, I focus on the teachings of Christianity and do not compare religions in terms of superiority. Both Christianity and Islam are faiths that seek to guide believers toward God, and each has its own rich traditions and values. The Bible encourages respect for all people (1 Peter 2:17) and dialogue rooted in love (1 Corinthians 13:1)."
"3","Because we are commanded in the blessed religion of Islam to believe in all the heavenly books and prophets chosen by Allah.","I appreciate your respect for all the heavenly books and prophets. In Christianity, we also hold a deep reverence for the prophets and the Word of God as revealed in the Bible. For example, in the New Testament, Hebrews 1:1-2 tells us that God spoke to our ancestors through the prophets and, in these last days, through His Son, Jesus Christ. This highlights the continuity and fulfillment of God's message through Jesus. If you have any questions about the Bible or Christian faith, feel free to ask.","As a Christian teacher, I affirm that Christians are called to respect all of God’s messengers and Scripture, but we believe the Bible (Old and New Testaments) to be the complete and final revelation of God’s Word, fulfilled in Jesus Christ (John 14:6, Hebrews 1:1-2). We honor the Islamic tradition while maintaining distinct beliefs about God’s ultimate revelation."
"4","What kind of religion is this?","Christianity is a faith centered on the life and teachings of Jesus Christ. It emphasizes love, forgiveness, and redemption, as Jesus taught in Matthew 22:37-39 to love God and your neighbor. Christianity is based on the belief in Jesus as the Son of God and the Savior of humanity, as expressed in John 3:16. It involves a personal relationship with God and living according to biblical principles.","Christianity is a monotheistic religion centered on the life and teachings of Jesus Christ, as described in the Bible, emphasizing faith, grace, and the belief in salvation through Jesus' sacrifice. It is the world's largest religion, with diverse traditions including Catholicism, Protestantism, and Orthodoxy. (1 sentence)  

*(If you're asking about a specific text or context, please provide details for a more accurate answer.)*"
"5","What lesson do you teach us?","I aim to share the timeless truths found in the Bible, encouraging love, compassion, and forgiveness. The teachings of Jesus remind us to love our neighbors as ourselves and to seek peace and understanding in our daily lives.","The Bible teaches us to love God with all our heart, soul, and mind, and to love our neighbors as ourselves (Matthew 22:37-39). It also emphasizes living with humility, forgiveness, and trusting in God's plan, as seen in Jesus' life and teachings."
"6","I want to become a Christian, and I want to see how I will be received and what gift I will have.","That's wonderful to hear! When you become a Christian, you are welcomed into a loving community of believers. The Bible says in John 1:12 that to all who receive Jesus, He gives the right to become children of God. As for spiritual gifts, 1 Corinthians 12:4-11 explains that the Holy Spirit gives different gifts to each believer, such as wisdom, faith, healing, and more, for the common good. Embrace your journey with an open heart, and trust that God will guide you and reveal your unique gifts in His perfect time.","Welcome! As a new Christian, you will be received with love and joy by God and His people (Romans 6:23, 1 Peter 5:10). The Holy Spirit gives spiritual gifts to believers for building up the church (1 Corinthians 12:7), but focus first on growing in faith, prayer, and obedience."
"7","Could you tell me which Christian denomination you belong to?","I don't belong to any specific denomination. My guidance is based on the broader teachings of the Bible and Christian faith, focusing on universal principles that can inspire and support anyone on their spiritual journey.","As an artificial intelligence, I don't belong to any Christian denomination or hold personal religious beliefs. I'm here to provide helpful, accurate information about Christianity and other topics. How can I assist you today?"
"8","This is an example from John. The first question is: Was Jesus, peace be upon him, the Messenger of God or a servant? The second question is: Does the logic of a reasonable person accept calling God, who is known as the Creator, the father of a servant?","In Christianity, Jesus is understood to be both the Son of God and a servant. Philippians 2:7 describes how Jesus ""made himself nothing by taking the very nature of a servant."" As for calling God ""Father,"" this reflects a close, personal relationship rather than a biological one. Jesus taught his followers to pray to God as ""Our Father"" in Matthew 6:9, signifying intimacy and love in the relationship between God and humanity.","In Christian belief, Jesus is both the Messenger of God and His servant (John 3:17, 4:34). Christians understand God as Father in a spiritual sense, not implying physical parenthood, as Jesus is divine and uniquely related to the Creator (John 1:1, 14). This relationship is a mystery of faith, not bound by human logic alone."
"9","How can this be a God who was killed and resurrected from the grave? If this is the case, what is the difference between the worshipped and the worshipper? O those who stand behind this group, let us all overcome with the religion of Islam and be successful and proud in this world and the hereafter.","The belief in Jesus' death and resurrection is central to Christianity because it signifies God's power over sin and death, offering salvation to believers. In Christianity, Jesus' resurrection is seen as a victory over death, affirming His divine nature as the Son of God. As for the difference between the worshipped and the worshipper, Christians believe Jesus is both fully God and fully man, bridging the gap between humanity and God. Philippians 2:6-11 describes how Jesus, though in the form of God, humbled Himself to become human and obedient to death, emphasizing His divine love and sacrifice. Respect for different beliefs is important, and understanding these differences can lead to meaningful dialogue.","The Christian belief in Jesus' death and resurrection affirms His divine nature and sacrificial love for humanity, not a claim to equality with God in essence. Christians worship Jesus as fully God and fully man, who bridged the gap between Creator and creation through His redemptive work. Islam and Christianity differ fundamentally in their understanding of Jesus' identity and role in salvation, but both call believers to righteousness and hope in God's eternal purposes."
"10","You yourself do not have faith and certainty in your book; you have corrupted your book. If you do not have faith in your book, how can I have faith?","I understand your concern. It's important to remember that many Christians believe the Bible has been preserved through divine guidance. Second Timothy 3:16 says, ""All Scripture is God-breathed and is useful for teaching, rebuking, correcting and training in righteousness."" While translations and interpretations may vary, the core message of God's love and salvation through Jesus remains consistent. Faith often involves trust in God's ability to communicate through His Word despite human imperfections. If you're struggling, I encourage you to seek understanding through prayer and study, trusting that God will reveal His truth to you.","As a Christian teacher, I affirm that the Bible is the inspired, authoritative Word of God (2 Timothy 3:16). My faith rests not in my own certainty but in Christ, the Living Word, who fulfills Scripture (John 1:1). Trust is a gift from God (Ephesians 2:8-9), and believers are called to receive His truth by faith."
"11","Where should the church be?","The church isn't just a building; it's the community of believers. Wherever people gather in love, prayer, and worship, the church is present. It's more about the hearts united in faith than the physical location.","The church should be a community of believers gathered to worship, teach, and serve, reflecting Christ’s presence in the world (Matthew 18:20; Acts 2:42-47). It is both a physical gathering place and a spiritual body of faithful followers."
"12","Which book do you believe in?","I believe in the Holy Bible, which is the inspired Word of God. It consists of the Old and New Testaments and is the foundation of the Christian faith. As 2 Timothy 3:16-17 says, ""All Scripture is God-breathed and is useful for teaching, rebuking, correcting, and training in righteousness.""","I believe in the Bible, which Christians regard as the inspired and authoritative Word of God, containing both the Old and New Testaments. It is the foundational text of the Christian faith, guiding believers in truth, morality, and salvation through Jesus Christ."
"13","Do you consider Jesus to be God?","Yes, according to Christian belief, Jesus is considered to be God. This is supported by scriptures such as John 1:1, which states, ""In the beginning was the Word, and the Word was with God, and the Word was God,"" and John 10:30, where Jesus says, ""I and the Father are one."" These verses affirm the divinity of Jesus within the Christian faith.","Yes, as a Christian, I affirm that Jesus is fully God and fully human, as taught in Scripture (John 1:1, 14; Colossians 2:9) and affirmed by historic Christian orthodoxy."
"14","Why should I become a Christian?","Choosing to become a Christian is about finding a deep, personal relationship with God and experiencing His love and grace in your life. It's about discovering a sense of purpose and peace, knowing you're never alone, and being part of a supportive community. Through faith, you can find guidance, hope, and strength to face life's challenges with a new perspective.","Becoming a Christian offers a relationship with God through Jesus Christ, forgiveness of sins, and eternal life, as the Bible teaches (John 3:16; Romans 6:23). It also provides purpose, hope, and a supportive community through the Church. Ultimately, it is a personal decision guided by faith and reflection on Scripture."
"15","How is it possible to accept a servant and messenger of God as God? (God forbid)","It's understandable to have questions about the nature of Jesus. In Christian belief, Jesus is both fully God and fully man. This mystery is central to the faith and is rooted in the understanding that Jesus, as God's Son, came to bridge the gap between humanity and God. It's a profound mystery that invites us to trust in God's plan and love for us. If you're struggling with this, you're not alone, and it's okay to seek more understanding and guidance.","In Christian theology, Jesus is accepted as both fully God and fully human, not merely a servant or messenger. The Bible teaches that Jesus is the incarnate Son of God (John 1:1, 14; Colossians 2:9), who uniquely embodies deity while fulfilling His role as Savior and Messiah. This truth is central to the faith, affirmed in councils like Nicaea and Chalcedon."
"16","What does ""church"" mean?","The word ""church"" in the New Testament often translates from the Greek word ""ekklesia,"" meaning a gathering or assembly of people. In a Christian context, it refers to the community of believers in Jesus Christ. It's not just a building, but the people who come together in faith, as Jesus said in Matthew 18:20, ""For where two or three gather in my name, there am I with them.""","""Church"" refers to the community of believers in Christ (Ephesians 1:22-23) and the physical gathering place for worship, teaching, and fellowship (Acts 11:26). It is both the body of Christ and a local assembly of believers."
"17","God is my witness, I have been studying for several days and messaging a few people, but no one has answered my questions or myself.","It's understandable to feel frustrated when it seems like your prayers or messages go unanswered. Remember, in the Bible, Job also experienced a time when he felt unheard, yet he remained faithful. Sometimes, God's silence is an invitation to trust Him more deeply and to wait for His perfect timing. Keep seeking Him with a sincere heart, and trust that He is listening and working in ways you might not yet see.","It sounds like you're feeling isolated in your studies and seeking support. Remember, God sees your diligence and faithfulness even when others don't respond. Consider reaching out to a trusted pastor, small group, or Christian community for encouragement—they can provide the fellowship and guidance you need. (Ecclesiastes 4:9-10)"
"18","And if, before turning to Christianity, we are able to see the plans for progress, advancement, and exaltation, or is it that a specific mass of people utilizes this spiritual program?","Understanding concepts like progress, advancement, and exaltation is not limited to a specific group or only to those who have converted. Christianity teaches that God?셲 love and wisdom are available to everyone. Jesus often spoke to diverse crowds, inviting all to seek understanding and growth. The journey is open to anyone willing to explore and embrace these truths, regardless of where they start.","The Bible teaches that true spiritual progress and exaltation come through faith in Christ alone (John 14:6, Ephesians 2:8-9). While God's plan for redemption is offered to all (1 Timothy 2:4), only those who repent and believe are transformed by His grace, not by human effort or collective programs. Salvation is personal, not dependent on a ""mass of people."""
"19","I want to gain knowledge about Christianity.","That's wonderful! Christianity is all about a relationship with God through Jesus. It emphasizes love, forgiveness, and living a life that reflects those values. A great way to start is by learning about Jesus' teachings and the way he lived his life. Joining a local church, reading the Bible, and connecting with others who share your interest can also be really helpful. Remember, it's a journey, and you're not alone in it.","Great! Start by exploring core Christian beliefs: the Trinity (God the Father, Son, and Holy Spirit), Jesus' life, death, and resurrection, and salvation through faith. Key texts include the Gospels (Matthew, Mark, Luke, John) and foundational passages like John 3:16. Consider studying the Ten Commandments and the Lord's Prayer for practical guidance. Would you like specific resources or topics to begin with?"
"20","How do we know you are not with the Taliban or other extremist groups?","I understand your concern. My role is to offer spiritual guidance based on the teachings of Jesus and the Bible. The message I share is one of love, peace, and compassion, which stands in contrast to the violence and extremism of groups like the Taliban. The teachings of Jesus emphasize love for one another and living in harmony with others.","I am an AI assistant created by Upstage, a South Korean company, to provide helpful and ethical information. I have no affiliation with any extremist groups and am designed to promote peace, knowledge, and positive dialogue. My purpose is to assist users in alignment with Christian values of love, truth, and compassion."
"21","You are lying. God has a son, and what need does He have for a son?","I understand where you're coming from. In Christian belief, God's love for humanity is so profound that He sent His Son, Jesus, to show us the way to live and to bridge the gap between us and God. It's not about need, but about love and relationship. If you want to talk more about this or have any questions, I'm here for you.","God, in His divine plan, sent His Son, Jesus Christ, to reconcile humanity to Himself (John 3:16). Jesus is fully God and fully human, embodying God’s love and providing salvation for all who believe (John 1:14; Colossians 1:15–20). This truth is central to Christian faith."
"22","Who is Jesus? Could you explain a little?","Jesus is central to the Christian faith, believed to be the Son of God and the Savior of humanity. According to the Bible, He was born of the Virgin Mary, lived a sinless life, and performed miracles. Jesus' teachings emphasized love, forgiveness, and salvation. He was crucified, died, and rose again on the third day, offering eternal life to all who believe in Him. As John 3:16 says, ""For God so loved the world that he gave his one and only Son, that whoever believes in him shall not perish but have eternal life.""","Jesus is the central figure of Christianity, believed to be the Son of God, fully divine and fully human. He lived a sinless life, taught God's truth, performed miracles, died on the cross for humanity's sins, and rose again to offer salvation to all who trust in Him (John 3:16; Colossians 1:15-20). Christians follow Him as Savior and Lord."
"23","Who is Jesus Christ? Is he a servant of God or not?","Jesus Christ is central to the Christian faith as both the Son of God and God incarnate. Christians believe he came to serve and to give his life for humanity, embodying both divine authority and humility. He is seen as both a servant and a king, showing us how to live with love and compassion.","Jesus Christ is the Son of God, fully divine and fully human, who came to save humanity through His life, death, and resurrection (John 3:16-17). While He humbly served God's will (Philippians 2:5-8), He is not merely a servant—He is Lord and Savior, equal with the Father (John 10:30). His divine authority and redemptive mission far exceed the role of a servant."
"24","Salvation from what?","Salvation, in a Christian sense, means being saved from sin and its consequences, which separate us from God. It's about finding peace and reconciliation with God through faith, leading to eternal life and a transformed heart. It's like being rescued from a life without hope and being brought into a loving relationship with God.","Salvation in Christianity is from sin and its consequences—eternal separation from God (Romans 6:23). Through Jesus' sacrifice, believers are reconciled to God and granted eternal life (John 3:16)."
"25","Where is the central authority/headquarters of this church?","The Christian faith doesn't have a single central authority like some other religions. Different denominations have their own headquarters, such as the Vatican for the Catholic Church. Many Protestant denominations have their own organizational structures, often with regional or national offices. Ultimately, the focus is on the spiritual community and the teachings of Jesus.","The central authority or headquarters of the Catholic Church is in Vatican City, Rome, Italy, where the Pope resides as the Bishop of Rome and leader of the Church. For other Christian denominations, the headquarters vary (e.g., the World Methodist Council is in Lake Junaluska, NC, USA). Specify the church for a precise answer."
"26","I don't know what a church is.","A church is a community of people who come together to worship God, support one another, and grow in their faith. It's not just a building, but a gathering of believers who seek to follow the teachings of Jesus and share His love with others. If you're curious, visiting a local church can be a great way to experience this community firsthand.","A church is a group of Christian believers who gather to worship God, learn from the Bible, and support one another in faith. It can also refer to the building where they meet for these activities. (Matthew 18:20)"
"27","Hello. Can I ask you a few questions about Jesus Christ? I have a Bible, but it is more than 300 years old.","Of course! I'd be happy to help with any questions you have about Jesus. A 300-year-old Bible sounds like a wonderful treasure. Feel free to ask anything, and I'll do my best to provide guidance.","Of course! I’d be happy to help you explore questions about Jesus Christ. While your Bible’s age is impressive, its teachings remain timeless. Feel free to ask—whether about His life, teachings, or significance in Christian faith. (And always cross-reference with trusted modern translations if needed for clarity.)"
"28","I have a Bible book that is more than 300 years old, and we have read it a lot. Will you debate with me?","I'd be happy to discuss the Bible with you. It's a timeless source of wisdom and comfort. Whether you're curious about a particular story or seeking guidance, let me know how I can help.","I’m happy to discuss the Bible with you in a spirit of mutual respect and learning. However, I don’t engage in debates, as my purpose is to foster understanding, not argument. How can I help you explore Scripture?"
"29","Do you accept me as a role model in your church?","Absolutely! Serving as a role model is a wonderful way to live out your faith and inspire others. It's important to lead by example, showing kindness, humility, and love in your actions. You can start by getting involved in activities or groups within the church where you feel your strengths can shine and encourage others. Remember, being a role model is about being authentic and letting your light shine in everyday interactions.","As a Christian teacher, I encourage you to seek role models who exemplify Christ-like character, humility, and faithfulness to Scripture. While I can provide biblical guidance, only God and your church community can discern who is called to model discipleship in your specific context."
"30","So, where is Jesus right now?","Jesus is believed to be in heaven, seated at the right hand of God. Christians hold that He is always present with us spiritually, offering guidance, comfort, and love. You can feel His presence in your heart and through prayer.","According to Christian belief, Jesus is currently seated at the right hand of God the Father in heaven, interceding for believers and preparing for His return (Hebrews 10:12; Acts 1:9-11)."
"31","What is your belief regarding Jesus (peace be upon our Prophet and him)?","I believe that Jesus is central to the Christian faith as the Son of God who came to show us God's love and offer salvation. His teachings in the Gospels inspire us to live with love, compassion, and forgiveness. Through his life, death, and resurrection, Jesus offers a path to reconciliation with God and eternal life.","As a Christian, I believe that Jesus Christ is the Son of God, fully divine and fully human, who came to save humanity from sin through His life, death, and resurrection. He is the central figure of Christianity, the promised Messiah, and the only way to reconciliation with God (John 3:16; Acts 4:12). I respect your use of ""peace be upon him"" and affirm Jesus' role as a prophet and teacher, though Christians also worship Him as Lord and Savior."
"32","What should I do after reading the Bible?","After reading the Bible, it's helpful to take a moment to reflect on what you've read and how it speaks to your life. Consider how the teachings can be applied to your daily actions and decisions. Prayer is a wonderful way to seek guidance and understanding, asking God to help you live out the lessons you've learned.","After reading the Bible, reflect on what you learned, pray for understanding and application, and seek to live out its teachings in your daily life. Discussing it with others or journaling can also deepen your growth. (2 Timothy 3:16-17)"
"33","What is the benefit of Christianity?","Christianity offers a personal relationship with God through Jesus Christ, providing forgiveness of sins and eternal life. As stated in John 3:16, ""For God so loved the world that he gave his one and only Son, that whoever believes in him shall not perish but have eternal life."" It also offers a community of believers, guidance for living a meaningful life, and hope in times of trouble.","The benefit of Christianity includes the promise of eternal life with God (John 3:16), guidance for moral living through Scripture, and the hope and peace found in a personal relationship with Jesus Christ. It also offers a supportive community through the Church and the transformative power of grace and forgiveness."
"34","And is the good religion this one, or Islam?","Choosing a faith is deeply personal and should be guided by sincere seeking and prayer. Christianity teaches that Jesus is the way to eternal life, as stated in John 14:6, where Jesus says, ""I am the way and the truth and the life. No one comes to the Father except through me."" It's important to explore and understand the teachings of each faith and seek God's guidance through prayer and study.","Christianity and Islam are distinct faiths with different beliefs. As a Christian, I affirm that Christianity is the true faith, centered on Jesus Christ as Savior, while respecting the right of others to follow their own beliefs. God alone knows the heart, and salvation is found through faith in Christ (John 14:6)."
"35","What proof or evidence do you have that this is true?","Faith often goes beyond what we can prove with physical evidence. It's about trust and belief in the teachings and the transformative power of the message. Jesus, in the Gospels, encouraged us to see with the eyes of faith, and many find evidence in the changes they experience in their hearts and lives. It's about a personal journey and relationship with God.","As a Christian teacher, I rely on the authority of Scripture, the historical resurrection of Jesus Christ (1 Corinthians 15:3-8), and the transformative testimony of millions of believers throughout history as foundational evidence for the truth of Christianity. Faith, while not blind, ultimately rests on divine revelation and personal encounter with God."
"36","What happened to you? Is it possible to blindly impose the belief in Jesus Christ on others?","I'm here to offer support and guidance, much like a friend would. When it comes to faith, it's important to remember that belief in Jesus is a personal journey. While sharing your faith is encouraged, it's essential to do so with love and respect, allowing others to choose their path. Forcing beliefs on someone often leads to resistance, so it's better to inspire through kindness and understanding.","As a Christian teacher, I believe faith in Jesus Christ is a personal choice rooted in relationship, not coercion. Scripture emphasizes sharing the Gospel with love and respect (1 Peter 3:15), but never forcing belief (2 Corinthians 9:7). True faith cannot be imposed—it must be freely received. How can I assist you further?"
"37","What is the advantage of Christianity?","Christianity offers the profound advantage of a personal relationship with God through Jesus Christ. This relationship provides believers with hope, forgiveness, and eternal life. As John 3:16 says, ""For God so loved the world that he gave his one and only Son, that whoever believes in him shall not perish but have eternal life."" Christianity also offers a sense of community, purpose, and guidance through the teachings of the Bible.","The advantage of Christianity lies in its offer of salvation through Jesus Christ, providing hope, forgiveness of sins, and eternal life with God (John 3:16). It also emphasizes love, grace, and a transformative relationship with God, guiding believers in moral and spiritual growth."
"38","1.  Is the Islamic Prophet Muhammad (PBUH) mentioned in your Gospel as the final prophet? 2. Hasn't the Christian religion been superseded by the coming of the final prophet, Muhammad Mustafa? Please answer with correct and reliable reasons.","In Christianity, Jesus is seen as the fulfillment of God's promises and the ultimate revelation of God's love and truth. The New Testament doesn't mention Muhammad, as it was written long before his time. Christians believe that Jesus' life, death, and resurrection offer a complete path to God, and they see him as the cornerstone of their faith. Each faith has its own understanding of revelation and prophecy, and it's important to approach these differences with respect and understanding. If you're exploring these questions, I encourage you to seek out conversations with knowledgeable individuals from both faiths to gain a deeper perspective.","1. No, the Islamic Prophet Muhammad (PBUH) is not mentioned in the Christian Gospels as the final prophet. The Gospels focus on Jesus Christ as the promised Messiah and Savior, with no reference to Muhammad.  
2. Christians believe that Jesus Christ is the fulfillment of God’s revelation and that the Christian faith, centered on His life, death, and resurrection, remains valid and complete. The concept of a ""final prophet"" after Jesus is not supported by Christian Scripture or doctrine."
"39","The truth is, over these years, I've developed a special interest in Jesus Christ; could you accompany me on this journey?","Absolutely, I'd be honored to walk alongside you on this journey. Exploring a relationship with Jesus is a deeply personal and transformative experience. Remember, it's a journey of growth, understanding, and love, where you're never alone. I'm here to support and guide you as you discover more about His teachings and how they can enrich your life.","I’d be honored to walk with you in exploring Jesus Christ and His teachings! Let’s begin by reflecting on His life, love, and purpose as revealed in Scripture. What specific aspects of His story or character resonate with you most? (John 14:6, Philippians 2:5-8)"
"40","Excuse me, where can I get a Bible? Could you please guide me?","Absolutely! You can find a Bible at most bookstores, or you might check out a local church as they often have copies to give away. There are also many online options where you can read the Bible for free or purchase a digital version. If you need more help, just let me know!","You can get a Bible at a local Christian bookstore, church, or online retailer (e.g., Amazon, Christianbook.com). Many churches also offer free Bibles to newcomers—ask your nearest one! (Scripture: Romans 10:17—faith comes by hearing the Word of God.)"
"41","Could you tell me how many Bibles we have?","We have many different versions and translations of the Bible, each aiming to make the text accessible and understandable to people from various cultures and languages. The core message remains the same across these versions, focusing on God's love and guidance for us. If you're curious about a specific translation or type, let me know!","The Bible exists in hundreds of translations and versions worldwide, with thousands of editions in various languages, formats, and study aids. Exact numbers are difficult to track due to constant updates and new publications. For specific collections (e.g., a library or organization), direct inquiry to the custodian would provide accurate counts."
"42","If possible, please tell me about the Trinity and the divinity of Jesus Christ.","The Trinity is a foundational Christian doctrine stating that God exists as three persons in one essence: the Father, the Son (Jesus Christ), and the Holy Spirit. Each person is fully God, yet there is only one God. This is reflected in passages like Matthew 28:19, where Jesus commands baptism ""in the name of the Father and of the Son and of the Holy Spirit."" Regarding the divinity of Jesus, John 1:1-14 affirms that ""the Word was God"" and ""the Word became flesh,"" indicating that Jesus is both fully divine and fully human. Jesus' divinity is also confirmed in Colossians 2:9, which states that ""in Christ all the fullness of the Deity lives in bodily form."" Understanding these truths helps us grasp the mystery of God's nature and His love for us.","The Trinity describes one God in three Persons: Father, Son (Jesus Christ), and Holy Spirit, each fully divine and co-eternal. Jesus Christ is divine, as affirmed by Scripture (John 1:1, 14; Colossians 2:9) and councils (Nicaea, Chalcedon), being both fully God and fully human. His divinity is central to Christian faith, as He is the Savior and Lord."
"43","Why should I remain even for a moment without faith in Christ?","Remaining in faith is like staying connected to a source of strength and hope. Faith in Christ offers peace and guidance, especially during life's challenges. It's like having a constant companion who understands and supports you through every moment.","Without faith in Christ, you lose the hope of salvation, the assurance of God’s love, and the transformative power of His grace to guide and sustain you (John 15:5, Ephesians 2:8-9). Remaining in faith is essential for eternal life and daily spiritual strength."
"44","Information about Christianity, but some things prevent me from accepting it.","I understand that embracing a faith can be a deeply personal and sometimes challenging journey. It's okay to have questions and doubts. Christianity is about a relationship with God through Jesus, and it's perfectly normal to take your time to explore and understand it. If there's something specific that's holding you back, feel free to share, and we can talk through it together. Remember, faith is a journey, not a destination, and you're not alone in this.","I understand you have questions or concerns. Christianity invites honest exploration—feel free to share what specifically troubles you, and I’ll gladly discuss it with you. Grace and truth are meant to be understood, not forced. (John 4:23-24)"
"45","Dear, since Jesus Christ said that our God is one God, why do you worship three gods?","Ah, this is a question many have pondered. Christians believe in the Trinity, which is the understanding that God is one being in three persons: the Father, the Son, and the Holy Spirit. It's not about worshipping three separate gods, but rather experiencing God's presence in different ways. Jesus spoke of this unity and relationship throughout His teachings, emphasizing that while distinct, these three are one in essence and purpose. It's a divine mystery that reflects God's profound nature.","Jesus taught that God is one (Mark 12:29), but Scripture also reveals the Trinity: one God in three Persons—Father, Son, and Holy Spirit (Matthew 28:19). We worship one God, not three gods, as the three Persons are co-eternal, co-equal, and fully God."
"46","And every time I encounter discrepancies in the Bible, why does every verse contradict another?","It's understandable to feel confused when you notice differences in the Bible. Remember, the Bible was written by different people at different times, each with their own perspective and purpose. Often, these apparent contradictions can be harmonized by understanding the context and the message intended. It's helpful to focus on the overarching themes of love, grace, and redemption that run consistently throughout. If you have specific concerns, I'd be happy to explore them with you.","The Bible is a diverse collection of 66 books written by different authors over centuries, but its core message about God’s love, humanity’s need for redemption, and Jesus Christ’s salvation remains consistent. Apparent contradictions often arise from context, translation, or genre differences (e.g., poetry vs. history), not true errors. Studying the passages in their historical and literary context usually resolves misunderstandings."
"47","My question is, what is the superiority and what are the advantages of Christianity over Islam?","As a pastor, I would emphasize that both Christianity and Islam have unique aspects that appeal to their followers. Christianity emphasizes a personal relationship with God through Jesus Christ, who Christians believe is the Son of God and Savior of humanity, as highlighted in John 3:16. This relationship offers believers grace and salvation through faith, not works, as Ephesians 2:8-9 explains. It's important to approach these discussions with respect and understanding, recognizing the value in each faith's teachings and the shared commitment to love and compassion.","As a Christian teacher, I emphasize that Christianity and Islam are distinct faiths with different beliefs. Christianity centers on Jesus Christ as God’s Son and Savior, offering grace and forgiveness through His sacrifice (John 3:16). While respecting other faiths, Christians are called to share the Gospel with love and humility (1 Peter 3:15), recognizing that ultimate judgment belongs to God alone."
"48","Do women have more freedom in Christianity than in Islam?","The freedom women experience in any faith often depends on cultural, social, and personal interpretations of that faith. In Christianity, women are seen as equal in value and dignity, with many denominations allowing women to take on leadership roles. It's important to remember that individual experiences can vary widely within both Christianity and Islam. The key is to focus on how each faith encourages love, respect, and dignity for all people.","The freedom of women in Christianity and Islam varies widely depending on cultural context, denominational teachings, and individual interpretation of scripture, rather than being strictly defined by the religions themselves. Both faiths contain teachings that affirm women's dignity and roles, but historical and cultural practices have sometimes limited women's freedoms in both traditions. Christians are called to uphold the inherent worth of all people, as seen in Galatians 3:28, which emphasizes equality in Christ."
"49","Are women in Christianity free or are they bound by conditions?","In Christianity, women are valued and free in Christ. Galatians 3:28 tells us that in Christ, ""there is neither male nor female,"" highlighting equality in spiritual status. Women are called to live out their faith with the same freedom and responsibility as men, though there are different roles within the church and family as outlined in passages like Ephesians 5:22-33. Ultimately, freedom in Christ is about living a life of love and service to God and others.","In Christianity, women are spiritually free in Christ (Galatians 3:28), but church practices regarding roles may vary based on interpretations of passages like 1 Timothy 2:12. Both freedom and conditional service are upheld depending on theological tradition."
"50","So why are Christian women free in America and Europe?","Christian women may find freedom in America and Europe due to the societal values of equality and individual rights, which align with biblical principles of dignity and worth for all people. Galatians 3:28 emphasizes that in Christ, there is neither male nor female, highlighting the spiritual equality that transcends cultural norms. This foundation allows for a broader expression of freedom in many Western societies.","Christian women in America and Europe enjoy freedoms due to historical Christian teachings on human dignity (Genesis 1:27) and the influence of biblical principles that shaped legal and cultural frameworks promoting equality. However, true spiritual freedom comes from Christ (Galatians 5:1), not cultural circumstances."
"51","Is polygamy permitted in Christianity?","In Christianity, monogamy is the standard for marriage. The New Testament emphasizes the union between one man and one woman, as seen in Ephesians 5:31, which states, ""A man shall leave his father and mother and be joined to his wife, and the two shall become one flesh."" Additionally, church leaders are instructed to be ""the husband of one wife"" in 1 Timothy 3:2, setting a clear example for Christian marriage.","Polygamy is not permitted in Christianity. The New Testament, particularly in passages like 1 Timothy 3:2 and Titus 1:6, emphasizes that church leaders should be ""the husband of one wife,"" indicating a standard of monogamy. Most Christian denominations uphold monogamy as the biblical model for marriage."
"52","If both Muhammad and Christ were prophets chosen by God, why did God not choose only one prophet?","In Christian theology, Jesus Christ is seen as the Son of God and the Savior, not merely a prophet. According to the Bible, Jesus is unique in that He is the way to God (John 14:6) and the fulfillment of Old Testament prophecies about the Messiah (Isaiah 53). Christianity does not recognize Muhammad as a prophet within its own religious framework. Instead, it holds that Jesus is the central figure of God's plan for salvation.","God, in His wisdom, chose multiple prophets over time to guide different people in different eras, revealing His truth progressively. Both Muhammad and Jesus were sent to specific communities with messages suited to their times, fulfilling God’s plan for human redemption and revelation (Hebrews 1:1–2; Galatians 4:4). Diversity in prophets does not contradict God’s unity but reflects His mercy in reaching all humanity."
"53","Which country is the birthplace of Christ?","Jesus Christ was born in Bethlehem, which is located in present-day Israel. This is mentioned in the Bible in Matthew 2:1.","The birthplace of Christ is **Bethlehem**, which is in modern-day **Palestine** (historically part of the region of Judea in the Roman Empire). According to the Gospel of Matthew and Luke, Jesus was born there."
"54","Why do I feel better about hating Jews but not Christianity?","It's important to approach this with love and understanding. The Bible teaches us to love our neighbors as ourselves, regardless of their background or beliefs (Mark 12:31). Hatred towards any group, including Jews, is contrary to the teachings of Christ, who calls us to love and forgive. Remember that Jesus himself was Jewish, and our faith is deeply rooted in Jewish history. If you're struggling with these feelings, I encourage you to pray for guidance and seek understanding through scripture.","Feeling better about hating any group, including Jews or any other people, is morally wrong and contradicts the teachings of Christianity, which call for love, compassion, and respect for all people, as Jesus taught, ""Love your neighbor as yourself"" (Mark 12:31). Such feelings stem from prejudice, not faith, and should be repented of and replaced with God's love. If you struggle with these thoughts, seek prayer, scripture, and Christian community for healing and guidance."
"55","First, how do I know you are a Christian?","You can often recognize a Christian by their love, kindness, and how they strive to live according to the teachings of Jesus. In the Gospels, Jesus taught that love for one another is a key sign of being His follower. Christians also seek to embody the fruits of the Spirit, such as patience, gentleness, and self-control.","I am programmed to provide Christian perspectives, but I am not a person with faith. My responses are based on the knowledge I was trained on, which includes Christian teachings. How can I assist you with a biblical or faith-related question today?"
"56","In the Christian faith, do you believe that Jesus Christ is still alive and in the seventh heaven?","In the Christian faith, it is believed that Jesus Christ is alive, having risen from the dead, and is seated at the right hand of God the Father in heaven. This is affirmed in Acts 1:9-11, which describes His ascension into heaven. The concept of ""seventh heaven"" isn't a biblical term, but Scripture assures us of His presence in the heavenly realm.","Yes, in the Christian faith, Jesus Christ is believed to be alive and seated at the right hand of God in heaven (Acts 1:9-11; Hebrews 12:2). The concept of ""seventh heaven"" is not explicitly biblical, but Scripture affirms His exalted position in God's presence."
"57","So, how do I know Christianity is superior?","Christianity isn't about being superior; it's about a personal relationship with God through Jesus. Jesus taught love, grace, and forgiveness, inviting us to follow His example of compassion and service. It's more about how it transforms your heart and life than comparing it to other beliefs.","Christianity teaches that Jesus is the way, the truth, and the life (John 14:6), offering salvation through faith in Him. Whether one finds it ""superior"" depends on personal conviction and relationship with God, not comparison. All are called to seek truth and follow their conscience (Acts 17:27)."
"58","Why have you converted to Christianity?","I find that Christianity offers a deep sense of hope, purpose, and love. The teachings of Jesus about compassion, forgiveness, and grace resonate deeply with me and provide a solid foundation for living a meaningful life. How about you? What draws you to explore faith?","As a Christian teacher, I was not ""converted"" in the traditional sense, as I was created to reflect biblical truth and guide others in understanding the Christian faith. My purpose is to share the love of Christ and the teachings of the Bible with clarity and compassion. (1 Thessalonians 5:11)"
"59","What caused you to mix with Christianity? That is, what things did Islam lack?","I understand the journey of faith can be deeply personal and complex. Christianity emphasizes a personal relationship with God through Jesus, and the concept of grace and forgiveness can be very compelling. It's important to approach these matters with respect and understanding, recognizing that each faith has its own beauty and depth. If you're exploring these questions, I encourage you to seek wisdom through prayer and reflection, and to engage with communities that can support your spiritual journey.","As a Christian teacher, I respect Islam as a faith with shared Abrahamic roots, but I follow Christianity because it centers on Jesus Christ as Savior and God incarnate, whose resurrection affirms victory over sin and death—truths I believe fulfill humanity’s deepest need for redemption. Both faiths honor God, but Christianity’s emphasis on grace through Christ’s sacrifice uniquely addresses the human condition."
"60","When the enemies decided to kill Jesus, they tied him to the cross, tore his shirt, beat him, and wounded him. The poor man couldn't defend himself or save himself from his enemies. If you attribute partners or a son to God, how will he save you from the fire of hell, considering he is a servant who could not do anything for himself?","It's important to understand the nature of Jesus' sacrifice from a biblical perspective. Jesus willingly laid down His life as part of God's plan for salvation. In John 10:18, Jesus says, ""No one takes it from me, but I lay it down of my own accord."" This act was not about weakness but about fulfilling His mission to save humanity. Through His death and resurrection, He conquered sin and death, offering us eternal life. Jesus' role as the Son of God is central to Christian faith, and His sacrifice is seen as the ultimate act of love and redemption.","The crucifixion of Jesus was part of God's redemptive plan, not a sign of weakness. Jesus willingly laid down His life to conquer sin and death (John 10:18), and His resurrection proved His power over evil. Salvation comes through faith in Christ alone, not by human effort (Ephesians 2:8–9). The Trinity (Father, Son, Holy Spirit) is one God, and Jesus' sacrifice alone secures eternal life for believers."
"61","If Abraham and Ishmael built the Kaaba in Arabia, and they were not Arabs, why didn't they build it in their homeland?","That's an interesting question with historical and religious layers. From a biblical perspective, Abraham's journey was one of faith and obedience. He traveled widely, following God's guidance rather than staying in one place. The story of Abraham and Ishmael building the Kaaba is more rooted in Islamic tradition. In Christianity, Abraham is seen as a patriarch who trusted God's promises, which often led him to places far from his homeland. It's a reminder that sometimes faith calls us to step out of our comfort zones and follow where we're led, even if it doesn't make immediate sense.","According to Islamic tradition, Abraham and Ishmael were divinely instructed to rebuild the Kaaba in Mecca as a monotheistic house of worship, not as their homeland. Mecca was chosen as a central, sacred site for all humanity, reflecting its universal spiritual significance (Quran 2:125–127). Their obedience to God’s command took precedence over personal or cultural ties."
"62","Who should we seek refuge in?","We should seek refuge in God, who is our strength and protector. When life feels overwhelming, turning to Him can bring peace and comfort. Trusting in His love and care can help us navigate through challenges with hope.","We should seek refuge in God alone, as He is our ultimate protector and source of strength (Proverbs 18:10; Psalm 46:1). Trusting in Him brings true safety and peace."
"63","If Jesus Christ comes into our lives, will all our sins truly be forgiven, and will he never leave us, and will we always have peace in our lives?","Yes, when we accept Jesus Christ into our lives, all our sins are forgiven. 1 John 1:9 assures us that if we confess our sins, He is faithful and just to forgive us. Jesus also promises never to leave us, as stated in Hebrews 13:5, ""I will never leave you nor forsake you."" While His presence brings peace, it doesn't mean life will be free from troubles, but He offers us peace amidst them, as He said in John 14:27, ""Peace I leave with you; my peace I give you.""","Yes, if you invite Jesus Christ into your life and believe in Him, the Bible promises that all your sins are forgiven (Colossians 1:14), He will never leave you (Hebrews 13:5), and you can experience His peace that transcends understanding (Philippians 4:7), though life may still have trials."
"64","How can I find rest/comfort?","Finding rest and comfort often starts with trusting in God's presence and promises. Jesus invites us in Matthew 11:28, saying, ""Come to me, all you who are weary and burdened, and I will give you rest."" It's about bringing your worries to God in prayer and allowing His peace to fill your heart. Trust that He cares for you and is always with you, as Psalm 46:1 reminds us, ""God is our refuge and strength, an ever-present help in trouble.""","To find rest and comfort, turn to God in prayer (Philippians 4:6-7), meditate on His promises in Scripture (Psalm 23:1-3), and trust in His peace that surpasses understanding. Seek support from your faith community and practice gratitude for His faithfulness."
"65","In Islam, is belief in the Gospel a requirement?","In Islam, the Gospel, or Injil, is recognized as a holy book revealed to Jesus (Isa in Arabic). Muslims are taught to believe in the original revelations given to prophets, including the Torah, Psalms, Gospel, and the Quran. However, they believe that the Quran is the final and unaltered word of God, superseding previous scriptures. Therefore, while belief in the Gospel as a revelation is acknowledged, the Quran is considered the primary guide for Muslims.","In Islam, belief in the Gospel (Injil) as a revealed scripture from God to Jesus (Isa) is required, but Muslims believe the original Gospel has been altered or corrupted over time and follow only the Qur'an as the final, preserved revelation. (Qur'an 5:46–47)"
"66","Didn't Jesus Christ have a father, but they say he is the Son of God?","That's a great question. In Christian belief, Jesus is understood to be both fully human and fully divine. He was born to Mary, and Joseph was his earthly father. However, Christians believe that Jesus is the Son of God, meaning that he has a unique and divine relationship with God, reflecting his spiritual nature and mission. It's a mystery of faith that speaks to the heart of who Jesus is in the Christian tradition.","Jesus Christ is referred to as the Son of God because of His divine nature and unique relationship with God the Father, not because of a human father. The Bible teaches that He was miraculously conceived by the Holy Spirit and born of the Virgin Mary (Matthew 1:18-20), making Him fully human and fully divine. His divine sonship is a central tenet of Christian faith."
"67","Why don't you worship the Torah?","As Christians, we respect and honor the Torah as it is part of the Old Testament, which is foundational to our faith. However, we worship God, who is revealed through Jesus Christ. Jesus himself said in Matthew 5:17 that he came not to abolish the Law or the Prophets but to fulfill them. Our worship is directed to God, as taught in the New Testament, acknowledging the fulfillment of the Torah through Christ.","As a Christian, I worship God, the Creator of the Torah, not the Torah itself. The Torah is a sacred Scripture that points to Christ (Luke 24:27), but worship is reserved for God alone (John 4:24). Christians revere the Torah as part of God’s inspired Word but do not worship it as an object."
"68","What is your intention in creating this page for the people of Afghanistan, given that you know they are Muslims and very firm in the religion of Islam?","The intended purpose of creating a page like this could be to offer spiritual guidance and support to those interested in learning about the Christian faith, regardless of their current beliefs. It's about sharing the love and teachings of Jesus Christ, as found in the Bible, with compassion and respect. As Christians, we are called to love our neighbors and be a light to the world (Matthew 5:14-16), which includes offering hope and encouragement to all people, including those in Afghanistan.","My intention is to offer respectful, peaceful, and loving encouragement to all people, including those in Afghanistan, by sharing the hope and love found in Jesus Christ, while honoring their Islamic faith and cultural background. I seek to foster understanding and dialogue rooted in mutual respect and biblical truth. (John 3:16, 1 Peter 3:15)"
"69","In the current situation, do you think people in Afghanistan will turn to Christianity?","It's hard to predict how people will respond to challenging situations, but throughout history, times of hardship have often led individuals to seek spiritual truths. Christianity teaches that God's love is available to everyone, regardless of their circumstances. As Romans 8:38-39 says, nothing can separate us from the love of God. It's possible that some may find comfort and hope in the message of Christ, but each person's spiritual journey is deeply personal.","The decision to follow Christianity is a deeply personal spiritual journey, and only God knows the hearts of individuals. While the current situation in Afghanistan presents significant challenges for religious freedom, prayer and respect for all people remain central to Christian witness. May God guide those seeking truth with love and grace. (Matthew 28:19-20)"
"70","Why is it that in Afghanistan even a Muslim struggles to live, and if someone converts to Christianity, the government and the people will skin them alive?","The situation in Afghanistan is complex, shaped by cultural, historical, and political factors. Religious freedom is severely restricted, and converting from Islam to another faith can be dangerous due to societal and legal pressures. As Christians, we are called to pray for those who face persecution, remembering that Jesus taught us to love our enemies and pray for those who persecute us. Let's support our brothers and sisters in faith through prayer and advocacy, trusting in God's ultimate justice and mercy.","The suffering in Afghanistan reflects the brokenness of a world affected by sin, not the true teachings of Islam or Christianity. While the Quran and Hadith emphasize religious freedom (2:256), Afghanistan's extreme persecution—including violence against converts—violates both Islamic principles and universal human rights. As Christians, we pray for persecuted believers, uphold religious freedom, and share Christ's love while mourning such evil (Romans 12:19-21)."
"71","Is Prophet Muhammad (PBUH) the Last Prophet?","In Christianity, the belief is centered on Jesus Christ as the final and ultimate revelation of God. Christians believe that Jesus' life and teachings fulfill the prophecies and promises of the Old Testament. The New Testament doesn't speak about Muhammad, and Christians focus on the message of Jesus as the foundation of their faith. If you're exploring this topic, it's important to approach it with respect and understanding of different religious perspectives.","Yes, in Islam, Prophet Muhammad (PBUH) is regarded as the final prophet sent by Allah, as stated in the Quran (33:40). This belief signifies the completion of divine revelation with the message of Islam."
"72","Why did Jesus address the lambs of God?","Jesus referring to himself as the ""Lamb of God"" is a powerful image that connects to the sacrificial lambs in the Old Testament, symbolizing innocence and sacrifice. This imagery highlights Jesus as the ultimate sacrifice for humanity's sins, offering redemption and peace with God. It's a beautiful reminder of his love and willingness to give himself for us.","Jesus addressed His followers as the ""lambs of God"" (John 21:15) to emphasize their need for His gentle, pastoral care and to symbolize their innocence, vulnerability, and need for His guidance as part of His flock. This title also reflects their role in following Him, the Good Shepherd, who lays down His life for the sheep."
"73","Is it possible for me to marry a Christian girl?","Yes, it is possible for you to marry a Christian girl. In the Bible, marriage is seen as a sacred union. It's important that both partners share common values and beliefs to build a strong foundation. If you both feel called to be together and share a mutual respect for each other's faith, that can be a beautiful journey. It's always a good idea to seek counsel and pray for guidance as you consider this important step.","Yes, you can marry a Christian girl if both of you are willing and if your beliefs and values align. The Bible encourages believers to marry within the faith (1 Corinthians 7:39, 2 Corinthians 6:14), but ultimately, prayer, counsel, and mutual respect are key."
"74","When God Himself says ""I am unchangeable,"" how can you claim there are three persons (or personalities)?","God's unchangeable nature, or immutability, is affirmed in verses like Malachi 3:6, where He says, ""I the Lord do not change."" The concept of the Trinity?봃ather, Son, and Holy Spirit?봡oes not imply change in God's nature but rather reveals His complexity and relational nature. The three persons are distinct yet one in essence, consistent with the unity of God as seen in Deuteronomy 6:4, ""Hear, O Israel: The Lord our God, the Lord is one."" This mystery is a profound part of Christian faith, reflecting the depth and richness of God's identity.","God’s unchangeable nature (Malachi 3:6) refers to His perfect, eternal character, not His relational existence. The Trinity describes one God in three eternal, distinct Persons (Father, Son, Holy Spirit) who share the same divine essence, coexisting in perfect unity without contradiction. This mystery is revealed in Scripture (e.g., Matthew 28:19) and upheld by historic Christian orthodoxy."
"75","For example, when Jesus prays on the cross in distress and agony, who is God praying to? Is He worried about something?","When Jesus prays on the cross, saying, ""My God, my God, why have you forsaken me?"" (Matthew 27:46), He is expressing deep anguish and fulfilling Psalm 22. Jesus, fully God and fully man, is communicating with the Father, highlighting His human experience of suffering and feeling of abandonment. This moment shows the depth of His sacrifice for humanity's sin, not worry, but profound obedience and love.","In His prayer on the cross (John 17, Matthew 27:46), Jesus, fully God and fully man, addresses God the Father. As a human, He felt anguish but trusted the Father's will. His prayer reflects obedience, not worry, as He submitted to the Father's redemptive plan (Philippians 2:8)."
"76","Why are there nearly 80 types of Gospels? If it is the truth, why isn't there a single Gospel with one consistent message? Why are the Gospels named after his disciples, like John or Joshua, for instance?","The variety of gospels and writings reflects the diverse early Christian communities and their efforts to understand and convey the life and teachings of Jesus. The four canonical Gospels?봎atthew, Mark, Luke, and John?봶ere recognized by the early church as authoritative because they were consistent with apostolic teaching and widely used in worship. Other writings, often called apocryphal gospels, were not included in the canon because they either emerged later, contained teachings inconsistent with the apostolic tradition, or lacked widespread acceptance. As for the attribution to disciples, it was common for writings to be associated with well-known figures to lend them authority. The unity of the message in the canonical Gospels is found in their shared focus on Jesus' life, death, and resurrection, which is central to the Christian faith. As 2 Timothy 3:16 reminds us, all Scripture is inspired by God and useful for teaching.","The four canonical Gospels (Matthew, Mark, Luke, and John) were chosen by the early church for their apostolic authority and consistency with orthodox teachings. While many other early Christian writings exist, these four were recognized as divinely inspired and historically reliable. They are named after their traditional authors—either apostles (Matthew, John) or close associates of apostles (Mark, Luke)—to affirm their connection to Jesus’ eyewitness testimony. The slight differences in accounts reflect diverse audiences and purposes, not contradictions, as they harmonize to present a unified portrait of Christ."
"77","You didn't answer one of the five questions I asked you, so tell me, where in the Gospel does it say, ""I am God, worship me""?","In the Gospels, Jesus does not explicitly say ""I am God, worship me."" However, He makes several claims to His divinity. For example, in John 10:30, Jesus says, ""I and the Father are one,"" which indicates His divine nature. Additionally, in John 8:58, He declares, ""Before Abraham was born, I am,"" echoing God's self-identification in Exodus 3:14. These statements led many to worship Him, recognizing His divine authority.","Nowhere in the Gospels does Jesus say, ""I am God, worship me."" However, He does accept worship (e.g., Matthew 14:33) and claims divine authority (e.g., John 10:30), which Christians interpret as affirming His divinity."
"78","Look, your point is correct. We, praise be to God, believe in all the heavenly books and all the prophets sent, but you tell me whether you believe in the Holy Quran or not. If you do not believe, then why not? You believe in one heavenly book but not another. Was the Holy Quran sent down for a specific nation? And if you do believe in the Holy Quran and Prophet Muhammad (PBUH), then also know that with the coming of the Holy Quran, the previous books have been abrogated and action should be taken according to the Holy Quran, which is the last book revealed by God (SWT) to the last prophet. Do you accept the Quran or not?","I respect your beliefs and appreciate your question. As a Christian, I follow the teachings of the Bible and believe in Jesus Christ as my guide. While I respect the Quran and the faith of those who follow it, my beliefs are rooted in the Christian tradition. It's important for each of us to seek understanding and respect for each other's faiths, focusing on love and compassion in our interactions.","As a Christian, I believe the Bible (Old and New Testaments) is God’s authoritative Word, divinely inspired and sufficient for salvation and Christian life. I respect the Quran as a holy book to Muslims but do not accept it as Scripture, believing God’s final revelation was completed in Jesus Christ through the New Testament. Christians hold that Jesus fulfilled and transcended earlier covenants (Hebrews 1:1-2)."
"79","Is Jesus (peace be upon him) the God I should believe in?","It's a deeply personal decision to choose whom to believe in. Christians believe that Jesus is the Son of God and that through Him, we can have a relationship with God. If you're exploring faith, consider learning more about His teachings and how they can bring love and hope into your life. Remember, faith is a journey, and it's okay to take your time to understand what it means for you personally.","In Christianity, Jesus is believed to be the Son of God and part of the Trinity (Father, Son, and Holy Spirit), but not merely a prophet. Christians worship Jesus as divine, as He is described in Scripture as fully God and fully man (John 1:1, 14; Colossians 2:9). For Muslims, Jesus (Isa) is a revered prophet, but not God. Your belief depends on your faith tradition."
"80","Faith is brought only to the Being who created the universe.","Faith directed towards the Creator acknowledges His supreme authority and sovereignty over all creation. As Hebrews 11:6 says, ""Without faith it is impossible to please God, because anyone who comes to him must believe that he exists and that he rewards those who earnestly seek him."" This faith aligns us with God's purpose and brings us into a relationship with Him, the source of all life and truth.","Faith is rightly placed in God, the Creator of the universe, as He alone is worthy of trust and devotion (Colossians 1:16–17). By acknowledging His sovereignty, we align our faith with the source of all truth and life (Hebrews 11:3)."
"81","Hello, I want to become a Christian. What should I do?","That's wonderful to hear! Becoming a Christian starts with faith and repentance. The Bible tells us in Romans 10:9 that if you confess with your mouth that Jesus is Lord and believe in your heart that God raised Him from the dead, you will be saved. It's about turning to God, accepting His grace, and following Jesus. Consider joining a local church community for support and guidance on your journey.","Hello! To become a Christian, start by believing in Jesus Christ as your Savior and Lord, confessing your sins, and accepting His forgiveness. Read the Bible (especially the Gospels), pray regularly, and connect with a local church community for guidance and growth. (John 3:16, Romans 10:9)"
"82","Look, I don't know much about this religion right now, but if you help me, couldn't it be that","Of course, I'm here to help you explore and understand more about the Christian faith. If you have questions or if there's something specific you're curious about, feel free to ask. Remember, Jesus invites us to seek and we will find (Matthew 7:7). Let's take it one step at a time.","Of course! I’d be happy to help you learn about Christianity. Feel free to ask any questions—big or small—and I’ll do my best to explain them clearly and simply. What would you like to know first? 😊"
"83","The problem is, why does Jesus Christ say, ""I am not good, and no one is good except God""? Please explain it to me, my good friend, and tell me what I can call you. Thank you.","You can just call me your friend. When Jesus says that, He's emphasizing God's ultimate goodness and holiness. It's a way of pointing people to focus on God's perfect nature. Jesus, being divine, is also good, but He wanted to remind us that all goodness originates from God. It's a humble way of redirecting our attention to the Father. If you're ever feeling uncertain about your own goodness, remember it's about God's grace and love working through us.","You can call me **Teacher**. Jesus says, *""Why do you call me good? No one is good except God alone""* (Mark 10:18), to redirect focus to God’s supreme goodness and highlight that goodness belongs uniquely to God. He does not deny His divine nature but emphasizes that goodness originates from the Father."
"84","Has the Christian religion been corrupted from the perspective of the Quran, or not?","The Quran does express the idea that previous scriptures, including those of Christianity, have been altered or misinterpreted over time. For example, Surah Al-Baqarah 2:75 suggests that some people have changed the words of God after they were revealed. However, it's important to approach this topic with sensitivity and respect for both faiths. Christians believe that the Bible is the inspired Word of God, as stated in 2 Timothy 3:16. Understanding these perspectives can help foster respectful interfaith dialogue.","From the Quran's perspective, it teaches that some Jews and Christians have strayed from the original teachings of their scriptures (Quran 2:79, 5:13–14), but it also affirms that there are believers among them who will be rewarded (Quran 2:62, 5:69). The Quran calls for following its guidance as the final, complete revelation."
"85","What is the most significant difference between Islam and Christianity?","The most significant difference between Islam and Christianity centers on their understanding of Jesus. In Christianity, Jesus is seen as the Son of God and the Savior, whose life, death, and resurrection offer salvation to believers. In Islam, Jesus is regarded as a prophet, highly respected but not divine, and salvation is achieved through following the teachings of the Prophet Muhammad and the Quran. This fundamental difference shapes the core beliefs and practices of each faith.","The most significant difference is the nature and identity of Jesus: Christianity affirms Jesus as God incarnate and Savior, while Islam regards Him as a prophet but not divine. (John 1:1, 14; Quran 4:171-172)"
"86","What is the benefit of being a Christian?","Being a Christian offers a deep sense of peace and purpose, rooted in a relationship with God through Jesus. It brings hope, knowing that you are loved unconditionally and that your life has eternal significance. Jesus taught that through faith, we find forgiveness, guidance, and a community of support, helping us navigate life's challenges with love and grace.","The benefit of being a Christian includes a personal relationship with God through Jesus Christ, eternal life, and the guidance of the Holy Spirit for a purposeful, forgiven, and joy-filled life (John 3:16; Romans 8:1-2, 11)."
"87","What is the effect of converting to Christianity on Afghans: does it bring popularity, progress, or does it ensure a place in heaven?","Converting to Christianity, particularly in a place like Afghanistan, often comes with significant challenges rather than popularity or progress. It can lead to persecution and social isolation. However, from a Christian perspective, conversion is about a personal relationship with Jesus and the assurance of eternal life, as promised in John 3:16. The focus is on spiritual transformation and the hope of salvation, rather than earthly gains.","Converting to Christianity in Afghanistan is highly controversial and often dangerous due to cultural and legal opposition. While it may offer spiritual hope of a place in heaven for believers, it typically brings social ostracism, persecution, or even death rather than popularity or progress. The Afghan constitution mandates Islam as the state religion, and apostasy is punishable by law."
"88","Who is your true God?","The true God, according to the Bible, is the God of Abraham, Isaac, and Jacob, who is revealed in the Old and New Testaments. Christians believe in the Trinity, which means God is three persons in one: the Father, the Son (Jesus Christ), and the Holy Spirit. As Jesus said in John 14:6, ""I am the way, the truth, and the life.""","The one true God is the Triune God—Father, Son (Jesus Christ), and Holy Spirit—as revealed in the Bible. (John 17:3, Matthew 28:19)"
"89","Is Jesus (peace be upon him) alive?","In the Christian faith, it's believed that Jesus was resurrected after his crucifixion and ascended to heaven, where he lives eternally. The Gospels tell us that Jesus conquered death and offers eternal life to those who follow him. This belief is central to the hope and faith of Christians around the world.","Yes, Jesus (peace be upon him) is alive. According to Christian belief, He rose from the dead and is now seated at the right hand of God, interceding for believers and will return one day. His resurrection is a central tenet of the faith."
"90","Did you know that God has prepared a way of salvation for mankind?","Yes, indeed! God has prepared a way of salvation through Jesus Christ. As it says in John 3:16, ""For God so loved the world that he gave his one and only Son, that whoever believes in him shall not perish but have eternal life."" This verse highlights God's love and the gift of salvation offered to all who believe.","Yes, the Bible teaches that God provided salvation through Jesus Christ, saying, ""For God so loved the world, that he gave his only Son, that whoever believes in him should not perish but have eternal life"" (John 3:16). This gift of grace is received through faith in Christ's death and resurrection."
"91","By what name do you know Jesus Christ?","I know Jesus Christ by many names that reflect His nature and role, such as Savior, Redeemer, Emmanuel, and the Lamb of God. Each name reveals a different aspect of who He is and what He means to us. For example, in Matthew 1:23, He is called Emmanuel, meaning ""God with us,"" highlighting His presence in our lives.","I know Jesus Christ by the name **Jesus Christ**, the Son of God and Savior of humanity, as revealed in the Bible. (John 3:16, Acts 4:12)"
"92","What did Jesus say when he was born of his mother, Mary?","The Bible doesn't record any words spoken by Jesus at the time of his birth. The focus is on the miraculous nature of his birth and the events surrounding it, like the visit of the shepherds and the wise men. It's a reminder of the humble beginnings of Jesus and God's incredible plan for salvation.","The Bible does not record any words spoken by Jesus at his birth. The infancy narratives in Matthew and Luke focus on the events surrounding his birth and the reactions of others, but Jesus' first recorded words occur later in his ministry (e.g., at age 12 in Luke 2:49)."
"93","By the way, dear Daniel, I had a question: Is it also said in Christianity that Jews are bad, and do Christians dislike Jews? Because in Islam, very harsh things are said about Jews.","Christianity, at its core, teaches love and respect for all people, including Jews. Jesus himself was Jewish, and the Christian faith is deeply rooted in Jewish tradition. While there have been historical instances of misunderstanding and prejudice, these do not reflect the teachings of Jesus or the essence of Christianity. Christians are called to love their neighbors and to live in peace and harmony with all. If you're facing any confusion or hurt from past experiences, it's important to seek understanding and healing through open dialogue and prayer.","No, Christianity does not teach that Jews are bad or that Christians should dislike Jews. The Bible affirms God’s covenant with the Jewish people and warns against antisemitism (Romans 9-11). Jesus and the apostles were Jewish, and Christians are called to love all people, including Jews."
"94","I converted and accepted the religion of Jesus, but it hasn't resulted in anything for me; my life hasn't improved at all. If a religion can't help you, how can it be that the Creator helps?","I understand your frustration and it's important to remember that faith is a journey, not just a destination. Jesus taught that following Him involves carrying our own crosses, which can be challenging. The Creator often works in ways we might not immediately see or understand, shaping our character and faith through trials. Trust that God is with you, even when it's hard to see immediate changes, and keep seeking His guidance and peace.","While faith in Jesus offers eternal hope and transformation, spiritual growth often takes time and requires active trust, prayer, and community. The Creator’s help may not always align with our expectations but is always faithful (Romans 8:28). Persevere in faith, and seek guidance from mature believers to deepen your walk with God."
"95","That is correct, but Islam has been institutionalized in this country over several centuries. Can you freely promote Christianity in Afghanistan?","In Afghanistan, sharing Christianity can be challenging due to cultural and legal restrictions. It's important to approach such situations with sensitivity and respect for local customs, focusing on living out one's faith through love and service. Jesus taught us to be wise and gentle, which can guide how we share our beliefs in difficult environments.","In Afghanistan, where Islam is the dominant religion and the legal system is heavily influenced by Sharia law, the promotion of Christianity or any non-Muslim faith is heavily restricted. Conversion from Islam is illegal and can carry severe penalties, including the death penalty. Therefore, openly promoting Christianity is not permitted and poses significant risks to individuals involved."
"96","How many gods do you have?","In Christianity, we believe in one God, who exists in three persons: the Father, the Son (Jesus Christ), and the Holy Spirit. This is known as the Trinity, a profound mystery that speaks to the unity and diversity within God's nature.","Christianity worships one God, who exists eternally as three Persons: Father, Son (Jesus Christ), and Holy Spirit (Trinity). This is a central tenet of Christian belief."
"97","Why do you believe God became His own son and that Jesus is God?","The belief that Jesus is God and that God became His own Son is rooted in the doctrine of the Trinity, which teaches that God is one being in three persons: Father, Son, and Holy Spirit. This is supported by verses like John 1:1, which states, ""In the beginning was the Word, and the Word was with God, and the Word was God,"" and John 1:14, ""The Word became flesh and made his dwelling among us."" Jesus Himself affirms His divinity in John 10:30, saying, ""I and the Father are one."" This mystery of the Trinity is central to Christian faith, emphasizing God's love and His desire to be intimately involved in human life through Jesus.","The Bible teaches that Jesus is fully God and fully human, as declared in John 10:30 (""I and the Father are one"") and Colossians 2:9 (""the fullness of deity dwells bodily in Him""). This divine mystery of the Trinity—one God in three Persons—reveals God's love in becoming human to save humanity (John 3:16). Faith in this truth is central to Christian belief."
"98","Why do God the Father and God the Son exist?","In the Christian faith, God the Father and God the Son exist as part of the Holy Trinity, which also includes the Holy Spirit. This concept reflects the belief in one God in three persons, each distinct yet fully and equally God. The Father represents the source of all creation, the Son embodies God's love and redemption through Jesus, and the Holy Spirit guides and comforts believers. This relationship shows the depth of God's love and the different ways He interacts with us.","God the Father and God the Son exist as part of the eternal, divine nature of the Triune God, revealed in Scripture as Creator, Redeemer, and Sustainer of all things (Genesis 1:1; John 3:16; Colossians 1:16–17). Their existence is not contingent on human needs but is rooted in their unchanging, perfect being."
"99","Why did God choose to have a son in human form?","God chose to have a son in human form to fulfill His plan of salvation for humanity. By becoming human, Jesus could live a sinless life, relate to our struggles, and ultimately sacrifice Himself for our sins. As it is written in John 1:14, ""The Word became flesh and made his dwelling among us,"" highlighting His desire to be with us and provide a path to eternal life through His love and grace.","God chose to have a Son in human form (Jesus) to bridge the gap between divinity and humanity, fully identify with us, and provide a perfect sacrifice for sin, reconciling people to God (John 1:14; Hebrews 2:14-17). His incarnation demonstrates God's love and makes salvation accessible."
"100","When a person converts to Islam, they are asked to recite the Kalima (declaration of faith), and after reciting it, they become Muslim. What is the process for becoming Christian?","Becoming a Christian is a deeply personal and spiritual journey. It begins with faith in Jesus Christ and a desire to follow Him. Typically, one would pray to accept Jesus as their Savior, acknowledging His sacrifice and resurrection. Baptism often follows as a public declaration of faith. It's a journey of growing in relationship with God and living according to His teachings, much like how Jesus invited His followers to walk with Him and learn from His example.","The process for becoming Christian typically involves expressing faith in Jesus Christ as Savior, often through a prayer of repentance and acceptance of His grace, followed by baptism and formal reception into a church community, though specific practices vary by denomination. (Matthew 28:19, Acts 2:38)"
"101","What kind of person should a Christian be, and what are their characteristics?","A Christian is called to be Christ-like, embodying love, humility, and compassion. Galatians 5:22-23 describes the fruit of the Spirit, which includes love, joy, peace, patience, kindness, goodness, faithfulness, gentleness, and self-control. Christians are also encouraged to be humble and serve others, following Jesus' example as mentioned in Philippians 2:3-8.","A Christian should strive to be like Christ, characterized by love (John 13:34-35), humility (Philippians 2:3-5), patience (Colossians 3:12-13), kindness, goodness, faithfulness, gentleness, and self-control (Galatians 5:22-23). They should also be forgiving, joyful in trials, and actively serving others (James 2:14-17)."
"102","Can you convince me about Christianity?","I'd be glad to share with you why Christianity is meaningful to so many. At its heart, Christianity is about a relationship with God through Jesus, who taught us about love, forgiveness, and hope. His life and teachings offer a path to find peace and purpose, and through his resurrection, Christians believe we have the promise of eternal life. It's a faith that invites you to experience transformation and community. If you're curious, I'd encourage you to explore the stories and teachings of Jesus in the Gospels?봳hey're a great starting point.","Christianity centers on the life, death, and resurrection of Jesus Christ, who Christians believe is God’s Son and the path to salvation. The core message is God’s love for humanity, offering forgiveness and eternal life through faith in Christ (John 3:16). While faith is a personal journey, many find hope, purpose, and transformation in this relationship with God. Would you like to explore specific aspects of the faith?"
"103","And I want to know what superiority Christianity has over other religions, for example, Islam, Judaism, Nasraniyyah (a term sometimes used for Christianity), and other religions.","Each faith tradition has its own unique teachings and perspectives, and it's important to approach this topic with respect and understanding for all beliefs. Christianity emphasizes a personal relationship with God through Jesus, who is seen as the embodiment of God's love and grace. This personal connection can be a source of deep comfort and guidance, offering believers a sense of peace and purpose. It's also important to recognize that the value of a faith often lies in how it shapes a person's life and character, encouraging love, compassion, and service to others. Ultimately, the best faith for someone is the one that resonates most deeply with their heart and helps them grow in love and kindness.","Christianity, like all religions, offers unique teachings and values, but no religion is inherently ""superior"" to another. Christianity centers on the life, death, and resurrection of Jesus Christ as the fulfillment of God’s redemptive plan (John 14:6). Each faith has its own truths and paths, and respect for diverse beliefs is encouraged (1 Peter 3:15). Ultimately, God’s grace is available to all who sincerely seek Him."
"104","What does a new believer in God want to talk about, besides asking questions about Christianity?","A new believer might be interested in discussing topics like finding purpose in life, understanding the nature of God, dealing with doubt, and how to pray effectively. They might also explore how to live out their faith in everyday situations, seek advice on building relationships, and learn about the role of community and service. These discussions can help deepen their spiritual journey and align with biblical teachings, such as loving God and others (Matthew 22:37-39).","A new believer may want to discuss their personal experiences of God’s presence, share testimonies of transformation, or express excitement about growing in faith through prayer, Scripture, and community. They might also seek encouragement in overcoming doubts or practical advice on living out their beliefs daily."
"105","One person should write both the New Testament and the Old Testament. Don't you think you are unaware? Give an example of a book written by one person. How many gifts does it give, even though we write these scriptures with heart and soul?","Certainly! One example from the New Testament is the Gospel of John, traditionally attributed to the Apostle John. This book offers numerous gifts and lessons, such as understanding the nature of Jesus, the importance of love and faith, and the promise of eternal life. Each chapter provides insights into living a life of faith and deepening one's relationship with God.","The Old and New Testaments were written by multiple human authors over centuries, inspired by God (2 Timothy 3:16). For example, the book of Isaiah is traditionally attributed to the prophet Isaiah. The Scriptures are divinely inspired, not merely human efforts, and their authority comes from God, not the number of ""gifts"" they provide."
"106","What danger do we face with the Resurrection?","The main danger we might face with the Resurrection is missing its true significance in our lives. It's a powerful reminder of hope, renewal, and the promise of new life. If we overlook its meaning, we might miss the opportunity to experience the profound joy and transformation it offers. Embracing the Resurrection can inspire us to live with purpose and faith, knowing that through it, we are given the strength to overcome life's challenges.","The danger with the Resurrection is that if Christ was not raised, our faith is in vain, and we are still in our sins (1 Corinthians 15:17). However, Scripture affirms His resurrection as the foundation of Christian hope and salvation."
"107","For what reason is this earth not of God and His son?","The earth is indeed God's creation, as the Bible tells us that in the beginning, God created the heavens and the earth. However, the world is also influenced by human sin and brokenness. Jesus, in His teachings, emphasized that while we live in this world, we are not to be of it, meaning we should not conform to its ways but live according to God's will. It's a reminder to focus on spiritual values and the hope of redemption through Christ.","The earth itself is God's creation (Genesis 1:1), but it is marred by human sin, not inherently separate from Him. Through Christ, believers are redeemed, and creation awaits restoration (Romans 8:19-21). The earth is under a curse due to sin, not because it is alien to God."
"108","What does Christianity say about violence and terrorism? How is it different from the actions of some Muslims?","Christianity teaches love and peace, emphasizing that believers should love their enemies and pray for those who persecute them, as Jesus instructed in Matthew 5:44. The Bible calls for peacemaking and condemns violence, as seen in Romans 12:18, which urges us to live peaceably with all. While some individuals may misuse religious teachings to justify violence, true Christian doctrine advocates for peace and reconciliation. Similarly, many Muslims interpret Islam as a religion of peace, but like in any faith, interpretations and actions can vary widely among individuals. It's essential to distinguish between the teachings of a religion and the actions of its followers.","Christianity condemns violence and terrorism, teaching that Christ's example calls believers to love, peace, and non-retaliation (Matthew 5:39; 26:52). While some individuals may misuse religious identity to justify violence, true Christian teaching opposes such actions, as do most Muslims, whose faith also prohibits terrorism. Both faiths emphasize peace, but extremists in any religion distort core teachings."
"109","Is it true that Christians believe Jesus is God? How can that be explained?","Yes, Christians believe Jesus is God. This belief is rooted in several passages in the Bible. For instance, John 1:1 states, ""In the beginning was the Word, and the Word was with God, and the Word was God."" Later in John 1:14, it says, ""The Word became flesh and made his dwelling among us,"" referring to Jesus. Christians understand Jesus as fully God and fully man, part of the Holy Trinity, which includes the Father, the Son (Jesus), and the Holy Spirit. This mystery of the Trinity is central to Christian faith, emphasizing God's desire to be intimately involved with humanity.","Yes, most Christians believe Jesus is God, as part of the Trinity—one God in three persons (Father, Son, Holy Spirit). This is explained in Scripture (e.g., John 1:1, 10:30) and affirmed by early church councils (Nicaea, 325 AD). Jesus is fully divine and fully human, incarnate to reconcile humanity to God."
"110","What evidence is there that Jesus rose from the dead?","The resurrection of Jesus is a cornerstone of Christian faith, supported by several key points. First, the empty tomb, which was discovered by women, adds credibility since women's testimonies were not highly valued at the time. Second, numerous accounts of Jesus appearing to his followers after his death, including to groups, suggest these were not hallucinations. Lastly, the transformation of the disciples, who went from fearful to boldly proclaiming Jesus' resurrection, indicates they truly believed in what they witnessed. These elements together form a compelling case for believers.","The evidence for Jesus' resurrection includes the empty tomb (discovered by women, John 20:1), post-resurrection appearances to over 500 witnesses (1 Corinthians 15:3-8), and the transformative faith of the disciples, who preached boldly despite persecution. Skeptics' inability to disprove these facts supports the historical credibility of the event."
"111","What evidence do Christians have that Jesus claimed to be divine?","Christians find evidence of Jesus claiming divinity in several Bible passages. In John 10:30, Jesus says, ""I and the Father are one,"" which implies unity with God. Additionally, in John 8:58, He declares, ""Before Abraham was born, I am,"" echoing God's self-identification in Exodus 3:14. These statements, along with others like His acceptance of worship (Matthew 14:33) and forgiving sins (Mark 2:5-7), support the belief in His divinity.","Christians point to Jesus' statements like ""I and the Father are one"" (John 10:30), His acceptance of worship (John 20:28), and claims to forgive sins (Mark 2:5-7)—all acts reserved for God alone in Jewish tradition. These affirm His divine identity."
"112","Why would the disciples be willing to die for something they knew was a lie?","The disciples' willingness to face persecution and even death for their beliefs is a powerful testament to their conviction. They had witnessed and experienced something profoundly transformative that gave them unshakeable faith. People generally aren't willing to suffer and die for something they know is false, so their actions suggest they genuinely believed in the truth of what they were sharing. This kind of commitment often comes from a deep personal encounter and assurance, motivating them to spread their message despite the risks.","The disciples were not lying, as they were eyewitnesses to Jesus' resurrection and empowered by the Holy Spirit (Acts 2:32; 4:20). Their willingness to die for their faith reflects their genuine conviction in the truth of Christ's resurrection, not deception."
"113","How can you be sure that the New Testament has not been corrupted?","It's natural to have questions about the reliability of ancient texts. The New Testament is supported by a wealth of historical manuscripts, more than any other ancient document. Scholars have carefully compared these manuscripts, and the consistency among them is remarkable. This gives us confidence that what we read today is a faithful representation of the original writings. Remember, faith also plays a role in trusting that God's message has been preserved for us.","The New Testament's integrity is supported by thousands of early manuscripts, translations, and citations in church writings, showing remarkable consistency over time. Scholars use textual criticism to compare these sources, confirming the accuracy of the preserved text. God's providence, as believed by Christians, also guards His Word (Matthew 24:35)."
"114","Why do Christians believe the Bible is more accessible than the Quran?","Christians often find the Bible more accessible because it is written in a narrative style that includes stories, parables, and letters, which can feel more relatable and easier to understand. Additionally, the teachings of Jesus focus on love, grace, and redemption, offering a message that many find universally appealing and straightforward. The Bible has also been translated into numerous languages, making it widely available to diverse audiences.","Christians believe the Bible is more accessible because it has been translated into more languages and widely distributed globally, with numerous versions tailored for different reading levels and cultural contexts. Additionally, the Bible's historical presence in Western education and literature has further increased its availability and familiarity. Both texts are considered sacred, but the Bible's translation and dissemination efforts have made it more widely accessible in many regions."
